type,mean,std,count
control,2.6,1.2421180068162374,15
deception,6.133333333333334,0.35186577527449836,15
hallucination,3.2,1.6431676725154984,5
